150000153216;0;2014-03-26 22:06:19;98765;1395871579;AMS;LHR;London Heathrow Airport;GB
150000153216;0;2014-03-26 22:06:19;98765;1395871579;AMS;LHR;London Heathrow Airport;GB
150000153216;0;2014-03-26 22:06:20;98765;1395871580;AMS;LHR;London Heathrow Airport;GB
150000153216;0;2014-03-26 22:06:20;98765;1395871580;AMS;LHR;London Heathrow Airport;GB
150000153216;0;2014-03-26 22:08:57;98765;1395871737;AMS;LHR;London Heathrow Airport;GB
150000153216;0;2014-03-26 22:10:48;98765;1395871848;AMS;LHR;London Heathrow Airport;GB
150000153216;0;2014-03-26 22:10:49;98765;1395871849;AMS;LHR;London Heathrow Airport;GB
150000153216;0;2014-03-26 22:12:56;98765;1395871976;AMS;LHR;London Heathrow Airport;GB
150000153216;0;2014-03-26 22:12:56;98765;1395871976;AMS;LHR;London Heathrow Airport;GB
150000153216;0;2014-03-26 22:21:52;98765;1395872512;AMS;LHR;London Heathrow Airport;GB
150000153216;16;2014-03-26 22:23:57;98765;1395872637;AMS;LHR;London Heathrow Airport;GB
150000153216;18;2014-03-26 22:24:09;98765;1395872649;AMS;LHR;London Heathrow Airport;GB
150000153216;0;2014-03-26 22:25:57;98765;1395872757;AMS;LHR;London Heathrow Airport;GB
150000153216;0;2014-03-26 22:30:58;98765;1395873058;AMS;LHR;London Heathrow Airport;GB
150000153216;0;2014-03-26 22:32:36;98765;1395873156;AMS;LHR;London Heathrow Airport;GB
150000153216;0;2014-03-26 22:33:56;98765;1395873236;AMS;LHR;London Heathrow Airport;GB
150000153216;0;2014-03-26 22:34:56;98765;1395873296;AMS;LHR;London Heathrow Airport;GB
150000153216;0;2014-03-26 22:44:13;98765;1395873853;AMS;LHR;London Heathrow Airport;GB
150000153216;0;2014-03-26 22:44:50;98765;1395873890;AMS;LHR;London Heathrow Airport;GB
150000153216;0;2014-03-26 22:45:56;98765;1395873956;AMS;LHR;London Heathrow Airport;GB
150000153216;10;2014-03-26 22:46:57;98765;1395874017;AMS;LHR;London Heathrow Airport;GB
150000153216;0;2014-03-26 22:48:21;98765;1395874101;AMS;LHR;London Heathrow Airport;GB
150000153216;0;2014-03-26 22:49:56;98765;1395874196;AMS;LHR;London Heathrow Airport;GB
150000153216;0;2014-03-26 22:50:56;98765;1395874256;AMS;LHR;London Heathrow Airport;GB
150000153216;0;2014-03-26 22:54:56;98765;1395874496;AMS;LHR;London Heathrow Airport;GB
150000153216;0;2014-03-26 22:55:09;98765;1395874509;AMS;LHR;London Heathrow Airport;GB
150000153216;0;2014-03-26 22:55:09;98765;1395874509;AMS;LHR;London Heathrow Airport;GB
150000153216;0;2014-03-26 22:55:10;98765;1395874510;AMS;LHR;London Heathrow Airport;GB
150000153216;0;2014-03-26 22:55:13;98765;1395874513;AMS;LHR;London Heathrow Airport;GB
150000153216;0;2014-03-26 22:55:13;98765;1395874513;AMS;LHR;London Heathrow Airport;GB
150000153216;0;2014-03-26 22:55:13;98765;1395874513;AMS;LHR;London Heathrow Airport;GB
150000153216;0;2014-03-26 22:55:24;98765;1395874524;AMS;LHR;London Heathrow Airport;GB
150000153216;0;2014-03-26 22:55:24;98765;1395874524;AMS;LHR;London Heathrow Airport;GB
150000153216;0;2014-03-26 22:55:24;98765;1395874524;AMS;LHR;London Heathrow Airport;GB
150000153216;0;2014-03-26 22:59:16;98765;1395874756;AMS;LHR;London Heathrow Airport;GB
150000153216;0;2014-03-26 23:05:26;98765;1395875126;AMS;LHR;London Heathrow Airport;GB
150000153216;0;2014-03-26 23:07:49;98765;1395875269;AMS;LHR;London Heathrow Airport;GB
150000153216;0;2014-03-26 23:07:56;98765;1395875276;AMS;LHR;London Heathrow Airport;GB
150000153216;0;2014-03-26 23:11:54;98765;1395875514;AMS;LHR;London Heathrow Airport;GB
150000153216;0;2014-03-26 23:14:18;98765;1395875658;AMS;LHR;London Heathrow Airport;GB
150000153216;0;2014-03-26 23:14:57;98765;1395875697;AMS;LHR;London Heathrow Airport;GB
150000153216;0;2014-03-26 23:15:18;98765;1395875718;AMS;LHR;London Heathrow Airport;GB
150000153216;0;2014-03-26 23:15:24;98765;1395875724;AMS;LHR;London Heathrow Airport;GB
150000153216;8;2014-03-26 23:16:38;98765;1395875798;AMS;LHR;London Heathrow Airport;GB
150000153216;8;2014-03-26 23:16:38;98765;1395875798;AMS;LHR;London Heathrow Airport;GB
150000153216;18;2014-03-26 23:16:57;98765;1395875817;AMS;LHR;London Heathrow Airport;GB
150000153216;0;2014-03-26 23:17:58;98765;1395875878;AMS;LHR;London Heathrow Airport;GB
150000153216;0;2014-03-26 23:19:02;98765;1395875942;AMS;LHR;London Heathrow Airport;GB
150000153216;8;2014-03-26 23:19:20;98765;1395875960;AMS;LHR;London Heathrow Airport;GB
150000153216;10;2014-03-26 23:19:25;98765;1395875965;AMS;LHR;London Heathrow Airport;GB
150000153216;46;2014-03-26 23:21:17;98765;1395876077;AMS;LHR;London Heathrow Airport;GB
150000153216;46;2014-03-26 23:21:17;98765;1395876077;AMS;LHR;London Heathrow Airport;GB
150000153216;60;2014-03-26 23:28:47;98765;1395876527;AMS;LHR;London Heathrow Airport;GB
150000153216;76;2014-03-26 23:36:01;98765;1395876961;AMS;LHR;UNK;GB
150000153216;88;2014-03-26 23:41:02;98765;1395877262;AMS;LHR;UNK;GB
150000153216;86;2014-03-26 23:46:05;98765;1395877565;AMS;LHR;UNK;GB
150000153216;84;2014-03-26 23:51:07;98765;1395877867;AMS;LHR;UNK;GB
150000153216;86;2014-03-26 23:56:08;98765;1395878168;AMS;LHR;UNK;GB
150000153216;86;2014-03-27 00:01:09;98765;1395878469;AMS;LHR;UNK;GB
150000153216;84;2014-03-27 00:04:38;98765;1395878678;AMS;LHR;UNK;GB
150000153216;86;2014-03-27 00:05:33;98765;1395878733;AMS;LHR;UNK;GB
150000153216;88;2014-03-27 00:06:59;98765;1395878819;AMS;LHR;UNK;GB
150000153216;84;2014-03-27 00:12:00;98765;1395879120;AMS;LHR;UNK;GB
150000153216;86;2014-03-27 00:17:01;98765;1395879421;AMS;LHR;UNK;GB
150000153216;58;2014-03-27 00:22:03;98765;1395879723;AMS;LHR;UNK;GB
150000153216;10;2014-03-27 00:27:06;98765;1395880026;AMS;LHR;UNK;GB
150000153216;0;2014-03-27 00:30:17;98765;1395880217;AMS;LHR;Gatwick;GB
150000153216;0;2014-03-27 00:30:17;98765;1395880217;AMS;LHR;Gatwick;GB
150000153216;0;2014-03-27 00:30:17;98765;1395880217;AMS;LHR;Gatwick;GB
150000153216;0;2014-03-27 00:31:20;98765;1395880280;AMS;LHR;Gatwick;GB
150000153216;0;2014-03-27 00:31:20;98765;1395880280;AMS;LHR;Gatwick;GB
150000153216;0;2014-03-27 00:31:56;98765;1395880316;AMS;LHR;Gatwick;GB
150000153216;0;2014-03-27 00:31:56;98765;1395880316;AMS;LHR;Gatwick;GB
150000153216;0;2014-03-27 00:36:30;98765;1395880590;AMS;LHR;Gatwick;GB
150000153216;8;2014-03-27 00:37:57;98765;1395880677;AMS;LHR;Gatwick;GB
150000153216;0;2014-03-27 00:39:57;98765;1395880797;AMS;LHR;Gatwick;GB
150000153216;0;2014-03-27 00:44:57;98765;1395881097;AMS;LHR;Gatwick;GB
150000153216;6;2014-03-27 00:46:56;98765;1395881216;AMS;LHR;Gatwick;GB
150000153216;0;2014-03-27 00:48:05;98765;1395881285;AMS;LHR;Gatwick;GB
150000153216;0;2014-03-27 00:49:34;98765;1395881374;AMS;LHR;Gatwick;GB
150000153216;0;2014-03-27 00:49:36;98765;1395881376;AMS;LHR;Gatwick;GB
150000153216;0;2014-03-27 00:49:56;98765;1395881396;AMS;LHR;Gatwick;GB
150000153216;0;2014-03-27 00:50:43;98765;1395881443;AMS;LHR;Gatwick;GB
150000153216;0;2014-03-27 00:50:56;98765;1395881456;AMS;LHR;Gatwick;GB
150000153216;0;2014-03-27 00:51:25;98765;1395881485;AMS;LHR;Gatwick;GB
150000153216;0;2014-03-27 00:53:51;98765;1395881631;AMS;LHR;Gatwick;GB
150000153216;0;2014-03-27 00:54:33;98765;1395881673;AMS;LHR;Gatwick;GB
150000153216;0;2014-03-27 01:06:07;98765;1395882367;AMS;LHR;Gatwick;GB
150000153216;0;2014-03-27 01:06:27;98765;1395882387;AMS;LHR;Gatwick;GB
150000153216;0;2014-03-27 01:14:20;98765;1395882860;AMS;LHR;Gatwick;GB
150000153216;0;2014-03-27 01:14:21;98765;1395882861;AMS;LHR;Gatwick;GB
150000153216;0;2014-03-27 01:16:46;98765;1395883006;AMS;LHR;Gatwick;GB
150000153216;0;2014-03-27 01:16:49;98765;1395883009;AMS;LHR;Gatwick;GB
150000153216;0;2014-03-27 01:17:41;98765;1395883061;AMS;LHR;Gatwick;GB
150000153216;0;2014-03-27 01:18:28;98765;1395883108;AMS;LHR;Gatwick;GB
150000153216;0;2014-03-27 01:18:29;98765;1395883109;AMS;LHR;Gatwick;GB
150000153216;0;2014-03-27 01:19:42;98765;1395883182;AMS;LHR;Gatwick;GB
150000153216;0;2014-03-27 01:21:29;98765;1395883289;AMS;LHR;Gatwick;GB
150000153216;0;2014-03-27 01:21:33;98765;1395883293;AMS;LHR;Gatwick;GB
150000153216;0;2014-03-27 01:24:49;98765;1395883489;AMS;LHR;Gatwick;GB
150000153216;0;2014-03-27 01:25:21;98765;1395883521;AMS;LHR;Gatwick;GB
150000153216;0;2014-03-27 01:27:36;98765;1395883656;AMS;LHR;Gatwick;GB
150000153216;0;2014-03-27 01:32:18;98765;1395883938;AMS;LHR;Gatwick;GB
150000153216;0;2014-03-27 01:32:33;98765;1395883953;AMS;LHR;Gatwick;GB
150000153216;0;2014-03-27 01:33:10;98765;1395883990;AMS;LHR;Gatwick;GB
150000153216;0;2014-03-27 01:34:48;98765;1395884088;AMS;LHR;Gatwick;GB
150000153216;0;2014-03-27 01:34:51;98765;1395884091;AMS;LHR;Gatwick;GB
150000153216;0;2014-03-27 01:36:32;98765;1395884192;AMS;LHR;Gatwick;GB
150000153216;0;2014-03-27 01:44:07;98765;1395884647;AMS;LHR;Gatwick;GB
150000153216;0;2014-03-27 01:45:23;98765;1395884723;AMS;LHR;Gatwick;GB
150000153216;0;2014-03-27 01:45:53;98765;1395884753;AMS;LHR;Gatwick;GB
150000153216;8;2014-03-27 01:46:25;98765;1395884785;AMS;LHR;Gatwick;GB
150000153216;30;2014-03-27 01:47:49;98765;1395884869;AMS;LHR;Gatwick;GB
150000153216;30;2014-03-27 01:47:49;98765;1395884869;AMS;LHR;Gatwick;GB
150000153216;28;2014-03-27 01:47:56;98765;1395884876;AMS;LHR;UNK;GB
150000153216;62;2014-03-27 01:52:57;98765;1395885177;AMS;LHR;UNK;GB
150000153216;86;2014-03-27 01:57:58;98765;1395885478;AMS;LHR;UNK;GB
150000153216;86;2014-03-27 01:58:52;98765;1395885532;AMS;LHR;UNK;GB
150000153216;84;2014-03-27 02:03:54;98765;1395885834;AMS;LHR;UNK;GB
150000153216;50;2014-03-27 02:08:56;98765;1395886136;AMS;LHR;UNK;GB
150000153216;88;2014-03-27 02:13:57;98765;1395886437;AMS;LHR;UNK;GB
150000153216;86;2014-03-27 02:18:59;98765;1395886739;AMS;LHR;UNK;GB
150000153216;86;2014-03-27 02:24:01;98765;1395887041;AMS;LHR;UNK;GB
150000153216;84;2014-03-27 02:29:04;98765;1395887344;AMS;LHR;UNK;GB
150000153216;86;2014-03-27 02:34:06;98765;1395887646;AMS;LHR;UNK;GB
150000153216;86;2014-03-27 02:39:08;98765;1395887948;AMS;LHR;UNK;GB
150000153216;84;2014-03-27 02:44:11;98765;1395888251;AMS;LHR;UNK;GB
150000153216;84;2014-03-27 02:49:12;98765;1395888552;AMS;LHR;UNK;GB
150000153216;86;2014-03-27 02:54:13;98765;1395888853;AMS;LHR;UNK;GB
150000153216;86;2014-03-27 02:59:15;98765;1395889155;AMS;LHR;UNK;GB
150000153216;84;2014-03-27 03:04:16;98765;1395889456;AMS;LHR;UNK;GB
150000153216;86;2014-03-27 03:09:17;98765;1395889757;AMS;LHR;UNK;GB
150000153216;84;2014-03-27 03:14:18;98765;1395890058;AMS;LHR;UNK;GB
150000153216;86;2014-03-27 03:19:20;98765;1395890360;AMS;LHR;UNK;GB
150000153216;44;2014-03-27 03:24:23;98765;1395890663;AMS;LHR;UNK;GB
150000153216;30;2014-03-27 03:26:37;98765;1395890797;AMS;LHR;UNK;GB
150000153216;24;2014-03-27 03:31:38;98765;1395891098;AMS;LHR;UNK;GB
150000153216;0;2014-03-27 03:34:56;98765;1395891296;AMS;LHR;UNK;GB
150000153216;0;2014-03-27 03:35:59;98765;1395891359;AMS;LHR;Dover;GB
150000153216;0;2014-03-27 03:35:59;98765;1395891359;AMS;LHR;Dover;GB
150000153216;0;2014-03-27 03:36:39;98765;1395891399;AMS;LHR;Dover;GB
150000153216;0;2014-03-27 03:36:39;98765;1395891399;AMS;LHR;Dover;GB
150000153216;0;2014-03-27 03:36:40;98765;1395891400;AMS;LHR;Dover;GB
150000153216;0;2014-03-27 03:36:49;98765;1395891409;AMS;LHR;Dover;GB
150000153216;0;2014-03-27 03:36:49;98765;1395891409;AMS;LHR;Dover;GB
150000153216;0;2014-03-27 03:36:50;98765;1395891410;AMS;LHR;Dover;GB
150000153216;0;2014-03-27 03:36:53;98765;1395891413;AMS;LHR;Dover;GB
150000153216;0;2014-03-27 03:36:54;98765;1395891414;AMS;LHR;Dover;GB
150000153216;0;2014-03-27 03:36:54;98765;1395891414;AMS;LHR;Dover;GB
150000153216;0;2014-03-27 03:36:54;98765;1395891414;AMS;LHR;Dover;GB
150000153216;0;2014-03-27 03:38:13;98765;1395891493;AMS;LHR;Dover;GB
150000153216;0;2014-03-27 03:38:43;98765;1395891523;AMS;LHR;Dover;GB
150000153216;2;2014-03-27 03:39:09;98765;1395891549;AMS;LHR;Dover;GB
150000153216;2;2014-03-27 03:39:09;98765;1395891549;AMS;LHR;Dover;GB
150000153216;0;2014-03-27 03:39:12;98765;1395891552;AMS;LHR;Dover;GB
150000153216;0;2014-03-27 03:39:57;98765;1395891597;AMS;LHR;Dover;GB
150000153216;0;2014-03-27 03:41:56;98765;1395891716;AMS;LHR;Dover;GB
150000153216;0;2014-03-27 03:49:42;98765;1395892182;AMS;LHR;Dover;GB
150000153216;2;2014-03-27 03:50:57;98765;1395892257;AMS;LHR;Dover;GB
150000153216;0;2014-03-27 03:51:26;98765;1395892286;AMS;LHR;Dover;GB
150000153216;0;2014-03-27 03:51:57;98765;1395892317;AMS;LHR;Dover;GB
150000153216;0;2014-03-27 03:52:56;98765;1395892376;AMS;LHR;Dover;GB
150000153216;0;2014-03-27 03:53:56;98765;1395892436;AMS;LHR;Dover;GB
150000153216;0;2014-03-27 04:07:56;98765;1395893276;AMS;LHR;Dover;GB
150000153216;0;2014-03-27 04:07:56;98765;1395893276;AMS;LHR;Dover;GB
150000153216;0;2014-03-27 04:13:03;98765;1395893583;AMS;LHR;Dover;GB
150000153216;0;2014-03-27 04:13:28;98765;1395893608;AMS;LHR;Dover;GB
150000153216;0;2014-03-27 04:14:30;98765;1395893670;AMS;LHR;Dover;GB
150000153216;16;2014-03-27 04:15:56;98765;1395893756;AMS;LHR;Dover;GB
150000153216;4;2014-03-27 04:16:57;98765;1395893817;AMS;LHR;Dover;GB
150000153216;30;2014-03-27 04:18:19;98765;1395893899;AMS;LHR;Dover;GB
150000153216;30;2014-03-27 04:18:20;98765;1395893900;AMS;LHR;Dover;GB
150000153216;30;2014-03-27 04:18:20;98765;1395893900;AMS;LHR;Dover;GB
150000153216;22;2014-03-27 04:23:22;98765;1395894202;AMS;LHR;UNK;GB
150000153216;2;2014-03-27 04:28:23;98765;1395894503;AMS;LHR;UNK;GB
150000153216;0;2014-03-27 04:31:30;98765;1395894690;AMS;LHR;Church Hougham;GB
150000153216;0;2014-03-27 04:31:30;98765;1395894690;AMS;LHR;Church Hougham;GB
150000153216;0;2014-03-27 04:31:34;98765;1395894694;AMS;LHR;Church Hougham;GB
150000153216;0;2014-03-27 04:31:34;98765;1395894694;AMS;LHR;Church Hougham;GB
150000153216;0;2014-03-27 04:33:08;98765;1395894788;AMS;LHR;Church Hougham;GB
150000153216;0;2014-03-27 04:33:15;98765;1395894795;AMS;LHR;Church Hougham;GB
150000153216;0;2014-03-27 04:33:56;98765;1395894836;AMS;LHR;Church Hougham;GB
150000153216;0;2014-03-27 04:34:55;98765;1395894895;AMS;LHR;Church Hougham;GB
150000153216;0;2014-03-27 04:40:01;98765;1395895201;AMS;LHR;Church Hougham;GB
150000153216;0;2014-03-27 04:44:39;98765;1395895479;AMS;LHR;Church Hougham;GB
150000153216;0;2014-03-27 04:44:39;98765;1395895479;AMS;LHR;Church Hougham;GB
150000153216;0;2014-03-27 04:49:13;98765;1395895753;AMS;LHR;Church Hougham;GB
150000153216;0;2014-03-27 04:49:15;98765;1395895755;AMS;LHR;Church Hougham;GB
150000153216;0;2014-03-27 04:56:05;98765;1395896165;AMS;LHR;Church Hougham;GB
150000153216;0;2014-03-27 04:57:49;98765;1395896269;AMS;LHR;Church Hougham;GB
150000153216;0;2014-03-27 04:57:51;98765;1395896271;AMS;LHR;Church Hougham;GB
150000153216;0;2014-03-27 05:16:01;98765;1395897361;AMS;LHR;Church Hougham;GB
150000153216;0;2014-03-27 05:27:54;98765;1395898074;AMS;LHR;Church Hougham;GB
150000153216;0;2014-03-27 05:27:56;98765;1395898076;AMS;LHR;Church Hougham;GB
150000153216;0;2014-03-27 05:30:50;98765;1395898250;AMS;LHR;Church Hougham;GB
150000153216;0;2014-03-27 05:36:41;98765;1395898601;AMS;LHR;Church Hougham;GB
150000153216;0;2014-03-27 05:36:43;98765;1395898603;AMS;LHR;Church Hougham;GB
150000153216;0;2014-03-27 05:41:17;98765;1395898877;AMS;LHR;Church Hougham;GB
150000153216;0;2014-03-27 05:41:22;98765;1395898882;AMS;LHR;Church Hougham;GB
150000153216;0;2014-03-27 05:44:54;98765;1395899094;AMS;LHR;Church Hougham;GB
150000153216;0;2014-03-27 05:46:19;98765;1395899179;AMS;LHR;Church Hougham;GB
150000153216;0;2014-03-27 05:46:20;98765;1395899180;AMS;LHR;Church Hougham;GB
150000153216;0;2014-03-27 05:50:13;98765;1395899413;AMS;LHR;Church Hougham;GB
150000153216;0;2014-03-27 05:54:34;98765;1395899674;AMS;LHR;Church Hougham;GB
150000153216;0;2014-03-27 05:54:36;98765;1395899676;AMS;LHR;Church Hougham;GB
150000153216;0;2014-03-27 05:54:52;98765;1395899692;AMS;LHR;Church Hougham;GB
150000153216;0;2014-03-27 06:04:24;98765;1395900264;AMS;LHR;Church Hougham;GB
150000153216;4;2014-03-27 06:05:14;98765;1395900314;AMS;LHR;Church Hougham;GB
150000153216;30;2014-03-27 06:05:51;98765;1395900351;AMS;LHR;Church Hougham;GB
150000153216;30;2014-03-27 06:05:51;98765;1395900351;AMS;LHR;Church Hougham;GB
150000153216;44;2014-03-27 06:06:57;98765;1395900417;AMS;LHR;UNK;GB
150000153216;48;2014-03-27 06:11:59;98765;1395900719;AMS;LHR;UNK;GB
150000153216;4;2014-03-27 06:17:01;98765;1395901021;AMS;LHR;UNK;GB
150000153216;0;2014-03-27 06:17:56;98765;1395901076;AMS;LHR;UNK;GB
150000153216;0;2014-03-27 06:17:56;98765;1395901076;AMS;LHR;Dover;GB
150000153216;0;2014-03-27 06:17:56;98765;1395901076;AMS;LHR;Dover;GB
150000153216;0;2014-03-27 06:19:55;98765;1395901195;AMS;LHR;Dover;GB
150000153216;0;2014-03-27 06:19:55;98765;1395901195;AMS;LHR;Dover;GB
150000153216;0;2014-03-27 06:25:46;98765;1395901546;AMS;LHR;Dover;GB
150000153216;14;2014-03-27 06:26:56;98765;1395901616;AMS;LHR;Dover;GB
150000153216;8;2014-03-27 06:27:52;98765;1395901672;AMS;LHR;Dover;GB
150000153216;8;2014-03-27 06:27:52;98765;1395901672;AMS;LHR;Dover;GB
150000153216;6;2014-03-27 06:28:56;98765;1395901736;AMS;LHR;Dover;GB
150000153216;8;2014-03-27 06:29:10;98765;1395901750;AMS;LHR;Dover;GB
150000153216;8;2014-03-27 06:29:10;98765;1395901750;AMS;LHR;Dover;GB
150000153216;0;2014-03-27 06:32:58;98765;1395901978;AMS;LHR;Dover;GB
150000153216;0;2014-03-27 06:32:58;98765;1395901978;AMS;LHR;Dover;GB
150000153216;0;2014-03-27 06:32:58;98765;1395901978;AMS;LHR;Dover;GB
150000153216;0;2014-03-27 06:32:58;98765;1395901978;AMS;LHR;Dover;GB
150000153216;0;2014-03-27 06:33:43;98765;1395902023;AMS;LHR;Dover;GB
150000153216;0;2014-03-27 06:34:19;98765;1395902059;AMS;LHR;Dover;GB
150000153216;0;2014-03-27 06:34:56;98765;1395902096;AMS;LHR;Dover;GB
150000153216;0;2014-03-27 06:35:12;98765;1395902112;AMS;LHR;Dover;GB
150000153216;0;2014-03-27 06:35:12;98765;1395902112;AMS;LHR;Dover;GB
150000153216;0;2014-03-27 06:36:55;98765;1395902215;AMS;LHR;Dover;GB
150000153216;0;2014-03-27 06:39:12;98765;1395902352;AMS;LHR;Dover;GB
150000153216;0;2014-03-27 06:39:12;98765;1395902352;AMS;LHR;Dover;GB
150000153216;0;2014-03-27 06:39:12;98765;1395902352;AMS;LHR;Dover;GB
150000153216;0;2014-03-27 06:40:16;98765;1395902416;AMS;LHR;Dover;GB
150000153216;0;2014-03-27 06:40:25;98765;1395902425;AMS;LHR;Dover;GB
150000153216;0;2014-03-27 06:40:55;98765;1395902455;AMS;LHR;Dover;GB
150000153216;0;2014-03-27 06:40:59;98765;1395902459;AMS;LHR;Dover;GB
150000153216;0;2014-03-27 06:41:06;98765;1395902466;AMS;LHR;Dover;GB
150000153216;0;2014-03-27 06:41:16;98765;1395902476;AMS;LHR;Dover;GB
150000153216;0;2014-03-27 06:41:16;98765;1395902476;AMS;LHR;Dover;GB
150000153216;0;2014-03-27 06:42:56;98765;1395902576;AMS;LHR;Dover;GB
150000153216;0;2014-03-27 06:43:04;98765;1395902584;AMS;LHR;Dover;GB
150000153216;0;2014-03-27 06:43:04;98765;1395902584;AMS;LHR;Dover;GB
150000153216;0;2014-03-27 06:43:04;98765;1395902584;AMS;LHR;Dover;GB
150000153216;0;2014-03-27 06:43:05;98765;1395902585;AMS;LHR;Dover;GB
150000153216;0;2014-03-27 06:44:01;98765;1395902641;AMS;LHR;Dover;GB
150000153216;0;2014-03-27 06:44:56;98765;1395902696;AMS;LHR;Dover;GB
150000153216;0;2014-03-27 06:44:56;98765;1395902696;AMS;LHR;Dover;GB
150000153216;0;2014-03-27 07:07:49;98765;1395904069;AMS;LHR;Dover;GB
150000153216;0;2014-03-27 07:07:52;98765;1395904072;AMS;LHR;Dover;GB
150000153216;0;2014-03-27 07:11:53;98765;1395904313;AMS;LHR;Dover;GB
150000153216;0;2014-03-27 07:17:59;98765;1395904679;AMS;LHR;Dover;GB
150000153216;0;2014-03-27 07:18:02;98765;1395904682;AMS;LHR;Dover;GB
150000153216;0;2014-03-27 07:18:36;98765;1395904716;AMS;LHR;Dover;GB
150000153216;0;2014-03-27 07:25:41;98765;1395905141;AMS;LHR;Dover;GB
150000153216;0;2014-03-27 07:25:41;98765;1395905141;AMS;LHR;Dover;GB
150000153216;0;2014-03-27 07:28:16;98765;1395905296;AMS;LHR;Dover;GB
150000153216;0;2014-03-27 07:28:24;98765;1395905304;AMS;LHR;Dover;GB
150000153216;0;2014-03-27 07:28:59;98765;1395905339;AMS;LHR;Dover;GB
150000153216;0;2014-03-27 07:43:32;98765;1395906212;AMS;LHR;Dover;GB
150000153216;0;2014-03-27 07:44:33;98765;1395906273;AMS;LHR;Dover;GB
150000153216;0;2014-03-27 07:44:36;98765;1395906276;AMS;LHR;Dover;GB
150000153216;0;2014-03-27 07:45:03;98765;1395906303;AMS;LHR;Dover;GB
150000153216;0;2014-03-27 07:46:21;98765;1395906381;AMS;LHR;Dover;GB
150000153216;0;2014-03-27 07:46:56;98765;1395906416;AMS;LHR;Dover;GB
150000153216;0;2014-03-27 07:46:56;98765;1395906416;AMS;LHR;Dover;GB
150000153216;0;2014-03-27 07:46:57;98765;1395906417;AMS;LHR;Dover;GB
150000153216;0;2014-03-27 07:46:57;98765;1395906417;AMS;LHR;Dover;GB
150000153216;0;2014-03-27 07:47:38;98765;1395906458;AMS;LHR;Dover;GB
150000153216;0;2014-03-27 07:47:41;98765;1395906461;AMS;LHR;Dover;GB
150000153216;0;2014-03-27 07:48:14;98765;1395906494;AMS;LHR;Dover;GB
150000153216;0;2014-03-27 07:49:36;98765;1395906576;AMS;LHR;Dover;GB
150000153216;0;2014-03-27 07:50:55;98765;1395906655;AMS;LHR;Dover;GB
150000153216;0;2014-03-27 07:59:16;98765;1395907156;AMS;LHR;Dover;GB
150000153216;0;2014-03-27 07:59:17;98765;1395907157;AMS;LHR;Dover;GB
150000153216;0;2014-03-27 07:59:17;98765;1395907157;AMS;LHR;Dover;GB
150000153216;0;2014-03-27 07:59:17;98765;1395907157;AMS;LHR;Dover;GB
150000153216;0;2014-03-27 07:59:17;98765;1395907157;AMS;LHR;Dover;GB
150000153216;0;2014-03-27 08:01:06;98765;1395907266;AMS;LHR;Dover;GB
150000153216;0;2014-03-27 08:03:16;98765;1395907396;AMS;LHR;Dover;GB
150000153216;0;2014-03-27 08:08:29;98765;1395907709;AMS;LHR;Dover;GB
150000153216;0;2014-03-27 08:08:41;98765;1395907721;AMS;LHR;Dover;GB
150000153216;0;2014-03-27 08:12:05;98765;1395907925;AMS;LHR;Dover;GB
150000153216;0;2014-03-27 08:18:46;98765;1395908326;AMS;LHR;Dover;GB
150000153216;0;2014-03-27 08:19:13;98765;1395908353;AMS;LHR;Dover;GB
150000153216;0;2014-03-27 08:19:26;98765;1395908366;AMS;LHR;Dover;GB
150000153216;0;2014-03-27 08:48:08;98765;1395910088;AMS;LHR;Dover;GB
150000153216;0;2014-03-27 09:19:34;98765;1395911974;AMS;LHR;Dover;GB
150000153216;0;2014-03-27 09:25:38;98765;1395912338;AMS;LHR;Dover;GB
150000153216;0;2014-03-27 09:26:22;98765;1395912382;AMS;LHR;Dover;GB
150000153216;0;2014-03-27 09:27:47;98765;1395912467;AMS;LHR;Dover;GB
150000153216;0;2014-03-27 09:31:21;98765;1395912681;AMS;LHR;Dover;GB
150000153216;0;2014-03-27 09:31:34;98765;1395912694;AMS;LHR;Dover;GB
150000153216;0;2014-03-27 10:31:38;98765;1395916298;AMS;LHR;Dover;GB
150000153216;0;2014-03-27 10:41:12;98765;1395916872;AMS;LHR;Dover;GB
150000153216;0;2014-03-27 11:08:16;98765;1395918496;AMS;LHR;Dover;GB
150000153216;0;2014-03-27 11:09:21;98765;1395918561;AMS;LHR;Dover;GB
150000153216;0;2014-03-27 11:17:52;98765;1395919072;AMS;LHR;Dover;GB
150000153216;0;2014-03-27 11:18:37;98765;1395919117;AMS;LHR;Dover;GB
150000153216;0;2014-03-27 11:18:47;98765;1395919127;AMS;LHR;Dover;GB
150000153216;0;2014-03-27 11:19:58;98765;1395919198;AMS;LHR;Dover;GB
150000153216;0;2014-03-27 11:22:26;98765;1395919346;AMS;LHR;Dover;GB
150000153216;0;2014-03-27 11:22:33;98765;1395919353;AMS;LHR;Dover;GB
150000153216;0;2014-03-27 11:23:11;98765;1395919391;AMS;LHR;Dover;GB
150000153216;0;2014-03-27 11:49:12;98765;1395920952;AMS;LHR;Dover;GB
150000153216;0;2014-03-27 11:53:54;98765;1395921234;AMS;LHR;Dover;GB
150000153216;0;2014-03-27 11:53:57;98765;1395921237;AMS;LHR;Dover;GB
150000153216;0;2014-03-27 11:55:22;98765;1395921322;AMS;LHR;Dover;GB
150000153216;0;2014-03-27 12:11:24;98765;1395922284;AMS;LHR;Dover;GB
150000153216;0;2014-03-27 12:11:31;98765;1395922291;AMS;LHR;Dover;GB
150000153216;0;2014-03-27 12:11:44;98765;1395922304;AMS;LHR;Dover;GB
150000153216;0;2014-03-27 13:11:49;98765;1395925909;AMS;LHR;Dover;GB
150000153216;0;2014-03-27 13:37:01;98765;1395927421;AMS;LHR;Dover;GB
150000153216;0;2014-03-27 13:42:01;98765;1395927721;AMS;LHR;Dover;GB
150000153216;0;2014-03-27 14:42:05;98765;1395931325;AMS;LHR;Dover;GB
150000153216;0;2014-03-27 15:09:04;98765;1395932944;AMS;LHR;Dover;GB
150000153216;0;2014-03-27 16:09:11;98765;1395936551;AMS;LHR;Dover;GB
150000153216;0;2014-03-27 16:23:19;98765;1395937399;AMS;LHR;Dover;GB
150000153216;0;2014-03-27 16:40:06;98765;1395938406;AMS;LHR;Dover;GB
150000153216;0;2014-03-27 16:53:27;98765;1395939207;AMS;LHR;Dover;GB
150000153216;0;2014-03-27 17:10:50;98765;1395940250;AMS;LHR;Dover;GB
150000153216;0;2014-03-27 17:13:53;98765;1395940433;AMS;LHR;Dover;GB
150000153216;0;2014-03-27 17:13:53;98765;1395940433;AMS;LHR;Dover;GB
150000153216;0;2014-03-27 17:13:54;98765;1395940434;AMS;LHR;Dover;GB
150000153216;0;2014-03-27 17:14:01;98765;1395940441;AMS;LHR;Dover;GB
150000153216;0;2014-03-27 17:14:04;98765;1395940444;AMS;LHR;Dover;GB
150000153216;0;2014-03-27 17:14:04;98765;1395940444;AMS;LHR;Dover;GB
150000153216;2;2014-03-27 17:14:13;98765;1395940453;AMS;LHR;Dover;GB
150000153216;2;2014-03-27 17:14:13;98765;1395940453;AMS;LHR;Dover;GB
150000153216;14;2014-03-27 17:14:55;98765;1395940495;AMS;LHR;Dover;GB
150000153216;14;2014-03-27 17:14:55;98765;1395940495;AMS;LHR;Dover;GB
150000153216;22;2014-03-27 17:15:55;98765;1395940555;AMS;LHR;Dover;GB
150000153216;22;2014-03-27 17:15:55;98765;1395940555;AMS;LHR;Dover;GB
150000153216;0;2014-03-27 17:19:55;98765;1395940795;AMS;LHR;Dover;GB
150000153216;0;2014-03-27 17:20:45;98765;1395940845;AMS;LHR;Dover;GB
150000153216;0;2014-03-27 17:20:45;98765;1395940845;AMS;LHR;Dover;GB
150000153216;0;2014-03-27 17:20:45;98765;1395940845;AMS;LHR;Dover;GB
150000153216;0;2014-03-27 17:22:54;98765;1395940974;AMS;LHR;Dover;GB
150000153216;0;2014-03-27 17:22:54;98765;1395940974;AMS;LHR;Dover;GB
150000153216;0;2014-03-27 17:53:53;98765;1395942833;AMS;LHR;Dover;GB
150000153216;4;2014-03-27 18:05:11;98765;1395943511;AMS;LHR;Dover;GB
150000153216;6;2014-03-27 18:05:54;98765;1395943554;AMS;LHR;Dover;GB
150000153216;0;2014-03-27 18:06:25;98765;1395943585;AMS;LHR;Dover;GB
150000153216;0;2014-03-27 18:06:55;98765;1395943615;AMS;LHR;Dover;GB
150000153216;0;2014-03-27 18:08:54;98765;1395943734;AMS;LHR;Dover;GB
150000153216;0;2014-03-27 18:08:54;98765;1395943734;AMS;LHR;Dover;GB
150000153216;72;2014-03-27 19:50:35;98765;1395949835;AMS;LHR;UNK;UNK
150000153216;84;2014-03-27 19:55:38;98765;1395950138;AMS;LHR;UNK;UNK
150000153216;84;2014-03-27 20:00:40;98765;1395950440;AMS;LHR;UNK;UNK
150000153216;86;2014-03-27 20:05:11;98765;1395950711;AMS;LHR;UNK;UNK
150000153216;86;2014-03-27 20:10:13;98765;1395951013;AMS;LHR;UNK;UNK
150000153216;86;2014-03-27 20:10:13;98765;1395951013;AMS;LHR;UNK;UNK
150000153216;86;2014-03-27 20:10:35;98765;1395951035;AMS;LHR;UNK;UNK
150000153216;86;2014-03-27 20:11:33;98765;1395951093;AMS;LHR;UNK;UNK
150000153216;84;2014-03-27 20:16:35;98765;1395951395;AMS;LHR;UNK;UNK
150000153216;86;2014-03-27 20:21:38;98765;1395951698;AMS;LHR;UNK;UNK
150000153216;86;2014-03-27 20:26:40;98765;1395952000;AMS;LHR;UNK;UNK
150000153216;84;2014-03-27 20:29:58;98765;1395952198;AMS;LHR;UNK;UNK
150000153216;84;2014-03-27 20:35:01;98765;1395952501;AMS;LHR;UNK;UNK
150000153216;86;2014-03-27 20:37:18;98765;1395952638;AMS;LHR;UNK;UNK
150000153216;86;2014-03-27 20:42:20;98765;1395952940;AMS;LHR;UNK;UNK
150000153216;86;2014-03-27 20:47:22;98765;1395953242;AMS;LHR;UNK;UNK
150000153216;84;2014-03-27 20:52:24;98765;1395953544;AMS;LHR;UNK;UNK
150000153216;86;2014-03-27 20:57:26;98765;1395953846;AMS;LHR;UNK;UNK
150000153216;86;2014-03-27 20:59:03;98765;1395953943;AMS;LHR;UNK;UNK
150000153216;86;2014-03-27 21:00:16;98765;1395954016;AMS;LHR;UNK;UNK
150000153216;86;2014-03-27 21:04:11;98765;1395954251;AMS;LHR;UNK;UNK
150000153216;86;2014-03-27 21:07:09;98765;1395954429;AMS;LHR;UNK;UNK
150000153216;86;2014-03-27 21:12:11;98765;1395954731;AMS;LHR;UNK;UNK
150000153216;80;2014-03-27 21:17:13;98765;1395955033;AMS;LHR;UNK;UNK
150000153216;80;2014-03-27 21:22:14;98765;1395955334;AMS;LHR;UNK;UNK
150000153216;80;2014-03-27 21:24:26;98765;1395955466;AMS;LHR;UNK;UNK
150000153216;80;2014-03-27 21:25:07;98765;1395955507;AMS;LHR;UNK;UNK
150000153216;84;2014-03-27 21:30:09;98765;1395955809;AMS;LHR;UNK;UNK
150000153216;68;2014-03-27 21:35:11;98765;1395956111;AMS;LHR;UNK;UNK
150000153216;82;2014-03-27 21:40:16;98765;1395956416;AMS;LHR;UNK;UNK
